{
  "debug": true,
  "steps": [
    {
      "step": 1,
      "num_items": 2,
      "num_chunks": 1,
      "chunks": [
        {
          "chunk_idx": 0,
          "num_triads_in_chunk": 2,
          "time_sec": 0.247964313999546,
          "mem_before_mb": 263.34765625,
          "mem_after_mb": 268.6171875
        }
      ],
      "time_sec": 0.24805179300165037,
      "mem_before_mb": 263.34765625,
      "mem_after_mb": 268.6171875
    }
  ]
}