{
  "debug": true,
  "steps": [
    {
      "step": 1,
      "num_items": 2,
      "num_chunks": 1,
      "chunks": [
        {
          "chunk_idx": 0,
          "num_triads_in_chunk": 2,
          "time_sec": 3.855778866000037,
          "mem_before_mb": 256.8203125,
          "mem_after_mb": 482.02734375
        }
      ],
      "time_sec": 3.8558749859985255,
      "mem_before_mb": 256.8203125,
      "mem_after_mb": 482.02734375
    }
  ]
}