{
  "debug": true,
  "steps": [
    {
      "step": 1,
      "num_items": 2,
      "num_chunks": 1,
      "chunks": [
        {
          "chunk_idx": 0,
          "num_triads_in_chunk": 2,
          "time_sec": 0.003475166000498575,
          "mem_before_mb": 235.27734375,
          "mem_after_mb": 235.54296875
        }
      ],
      "time_sec": 0.0035291549993416993,
      "mem_before_mb": 235.27734375,
      "mem_after_mb": 235.54296875
    }
  ]
}