{
  "debug": true,
  "steps": [
    {
      "step": 1,
      "num_items": 2,
      "num_chunks": 1,
      "chunks": [
        {
          "chunk_idx": 0,
          "num_triads_in_chunk": 2,
          "time_sec": 0.02078611399338115,
          "mem_before_mb": 235.92578125,
          "mem_after_mb": 237.46484375
        }
      ],
      "time_sec": 0.020849234002525918,
      "mem_before_mb": 235.92578125,
      "mem_after_mb": 237.46484375
    }
  ]
}